--
-- PostgreSQL database cluster dump
--

SET default_transaction_read_only = off;

SET client_encoding = 'UTF8';
SET standard_conforming_strings = on;

--
-- Roles
--

CREATE ROLE "LibraryAdmin";
ALTER ROLE "LibraryAdmin" WITH SUPERUSER INHERIT CREATEROLE CREATEDB LOGIN NOREPLICATION BYPASSRLS PASSWORD 'SCRAM-SHA-256$4096:Ji5xeU8sffSGCVDsmlXa4w==$/E/UKCLIXcBvYhmqc73LPWAAXIawsGAApBufLA7Xn0A=:egFQfqodW6AzPHyfzpVRhtdOfbI9Fn7sR32T6jY4Gsw=';
CREATE ROLE postgres;
ALTER ROLE postgres WITH SUPERUSER INHERIT CREATEROLE CREATEDB LOGIN REPLICATION BYPASSRLS PASSWORD 'SCRAM-SHA-256$4096:42HpjkJb9+WJh2K6qGF/Dw==$cgv6BClHNOffTyvsA4+8v1nzeUdcA/o6ZIbiRBjrJ8Y=:R50n+AdtHiPbiaC+aeU118qy8fYQCAB9NVVqBE5zups=';

--
-- User Configurations
--








--
-- Databases
--

--
-- Database "template1" dump
--

\connect template1

--
-- PostgreSQL database dump
--

-- Dumped from database version 17.0
-- Dumped by pg_dump version 17.0

SET statement_timeout = 0;
SET lock_timeout = 0;
SET idle_in_transaction_session_timeout = 0;
SET transaction_timeout = 0;
SET client_encoding = 'UTF8';
SET standard_conforming_strings = on;
SELECT pg_catalog.set_config('search_path', '', false);
SET check_function_bodies = false;
SET xmloption = content;
SET client_min_messages = warning;
SET row_security = off;

--
-- PostgreSQL database dump complete
--

--
-- Database "library" dump
--

--
-- PostgreSQL database dump
--

-- Dumped from database version 17.0
-- Dumped by pg_dump version 17.0

SET statement_timeout = 0;
SET lock_timeout = 0;
SET idle_in_transaction_session_timeout = 0;
SET transaction_timeout = 0;
SET client_encoding = 'UTF8';
SET standard_conforming_strings = on;
SELECT pg_catalog.set_config('search_path', '', false);
SET check_function_bodies = false;
SET xmloption = content;
SET client_min_messages = warning;
SET row_security = off;

--
-- Name: library; Type: DATABASE; Schema: -; Owner: LibraryAdmin
--

CREATE DATABASE library WITH TEMPLATE = template0 ENCODING = 'UTF8' LOCALE_PROVIDER = libc LOCALE = 'Russian_Russia.1251';


ALTER DATABASE library OWNER TO "LibraryAdmin";

\connect library

SET statement_timeout = 0;
SET lock_timeout = 0;
SET idle_in_transaction_session_timeout = 0;
SET transaction_timeout = 0;
SET client_encoding = 'UTF8';
SET standard_conforming_strings = on;
SELECT pg_catalog.set_config('search_path', '', false);
SET check_function_bodies = false;
SET xmloption = content;
SET client_min_messages = warning;
SET row_security = off;

SET default_tablespace = '';

SET default_table_access_method = heap;

--
-- Name: auth_group; Type: TABLE; Schema: public; Owner: LibraryAdmin
--

CREATE TABLE public.auth_group (
    id integer NOT NULL,
    name character varying(150) NOT NULL
);


ALTER TABLE public.auth_group OWNER TO "LibraryAdmin";

--
-- Name: auth_group_id_seq; Type: SEQUENCE; Schema: public; Owner: LibraryAdmin
--

ALTER TABLE public.auth_group ALTER COLUMN id ADD GENERATED BY DEFAULT AS IDENTITY (
    SEQUENCE NAME public.auth_group_id_seq
    START WITH 1
    INCREMENT BY 1
    NO MINVALUE
    NO MAXVALUE
    CACHE 1
);


--
-- Name: auth_group_permissions; Type: TABLE; Schema: public; Owner: LibraryAdmin
--

CREATE TABLE public.auth_group_permissions (
    id bigint NOT NULL,
    group_id integer NOT NULL,
    permission_id integer NOT NULL
);


ALTER TABLE public.auth_group_permissions OWNER TO "LibraryAdmin";

--
-- Name: auth_group_permissions_id_seq; Type: SEQUENCE; Schema: public; Owner: LibraryAdmin
--

ALTER TABLE public.auth_group_permissions ALTER COLUMN id ADD GENERATED BY DEFAULT AS IDENTITY (
    SEQUENCE NAME public.auth_group_permissions_id_seq
    START WITH 1
    INCREMENT BY 1
    NO MINVALUE
    NO MAXVALUE
    CACHE 1
);


--
-- Name: auth_permission; Type: TABLE; Schema: public; Owner: LibraryAdmin
--

CREATE TABLE public.auth_permission (
    id integer NOT NULL,
    name character varying(255) NOT NULL,
    content_type_id integer NOT NULL,
    codename character varying(100) NOT NULL
);


ALTER TABLE public.auth_permission OWNER TO "LibraryAdmin";

--
-- Name: auth_permission_id_seq; Type: SEQUENCE; Schema: public; Owner: LibraryAdmin
--

ALTER TABLE public.auth_permission ALTER COLUMN id ADD GENERATED BY DEFAULT AS IDENTITY (
    SEQUENCE NAME public.auth_permission_id_seq
    START WITH 1
    INCREMENT BY 1
    NO MINVALUE
    NO MAXVALUE
    CACHE 1
);


--
-- Name: author; Type: TABLE; Schema: public; Owner: LibraryAdmin
--

CREATE TABLE public.author (
    id bigint NOT NULL,
    first_name character varying(128) NOT NULL,
    last_name character varying(128) NOT NULL
);


ALTER TABLE public.author OWNER TO "LibraryAdmin";

--
-- Name: author_id_seq; Type: SEQUENCE; Schema: public; Owner: LibraryAdmin
--

ALTER TABLE public.author ALTER COLUMN id ADD GENERATED BY DEFAULT AS IDENTITY (
    SEQUENCE NAME public.author_id_seq
    START WITH 1
    INCREMENT BY 1
    NO MINVALUE
    NO MAXVALUE
    CACHE 1
);


--
-- Name: book_catalog; Type: TABLE; Schema: public; Owner: LibraryAdmin
--

CREATE TABLE public.book_catalog (
    id bigint NOT NULL,
    title character varying(128) NOT NULL,
    author_id bigint NOT NULL,
    genre_id bigint NOT NULL,
    age_restriction integer NOT NULL,
    copies_number integer NOT NULL,
    annotation text,
    image character varying(100),
    slug character varying(200)
);


ALTER TABLE public.book_catalog OWNER TO "LibraryAdmin";

--
-- Name: book_catalog_id_seq; Type: SEQUENCE; Schema: public; Owner: LibraryAdmin
--

ALTER TABLE public.book_catalog ALTER COLUMN id ADD GENERATED BY DEFAULT AS IDENTITY (
    SEQUENCE NAME public.book_catalog_id_seq
    START WITH 1
    INCREMENT BY 1
    NO MINVALUE
    NO MAXVALUE
    CACHE 1
);


--
-- Name: book_instance; Type: TABLE; Schema: public; Owner: LibraryAdmin
--

CREATE TABLE public.book_instance (
    id bigint NOT NULL,
    publication_year smallint NOT NULL,
    slug character varying(200),
    book_id bigint NOT NULL,
    status_id bigint NOT NULL,
    publisher_id bigint NOT NULL
);


ALTER TABLE public.book_instance OWNER TO "LibraryAdmin";

--
-- Name: book_instance_id_seq; Type: SEQUENCE; Schema: public; Owner: LibraryAdmin
--

ALTER TABLE public.book_instance ALTER COLUMN id ADD GENERATED BY DEFAULT AS IDENTITY (
    SEQUENCE NAME public.book_instance_id_seq
    START WITH 1
    INCREMENT BY 1
    NO MINVALUE
    NO MAXVALUE
    CACHE 1
);


--
-- Name: book_instance_status; Type: TABLE; Schema: public; Owner: LibraryAdmin
--

CREATE TABLE public.book_instance_status (
    id bigint NOT NULL,
    status character varying(20) NOT NULL
);


ALTER TABLE public.book_instance_status OWNER TO "LibraryAdmin";

--
-- Name: book_instance_status_id_seq; Type: SEQUENCE; Schema: public; Owner: LibraryAdmin
--

ALTER TABLE public.book_instance_status ALTER COLUMN id ADD GENERATED BY DEFAULT AS IDENTITY (
    SEQUENCE NAME public.book_instance_status_id_seq
    START WITH 1
    INCREMENT BY 1
    NO MINVALUE
    NO MAXVALUE
    CACHE 1
);


--
-- Name: booking; Type: TABLE; Schema: public; Owner: LibraryAdmin
--

CREATE TABLE public.booking (
    id bigint NOT NULL,
    booking_start_date timestamp with time zone NOT NULL,
    booking_end_date timestamp with time zone,
    book_instance_id bigint NOT NULL,
    reader_id bigint NOT NULL
);


ALTER TABLE public.booking OWNER TO "LibraryAdmin";

--
-- Name: booking_id_seq; Type: SEQUENCE; Schema: public; Owner: LibraryAdmin
--

ALTER TABLE public.booking ALTER COLUMN id ADD GENERATED BY DEFAULT AS IDENTITY (
    SEQUENCE NAME public.booking_id_seq
    START WITH 1
    INCREMENT BY 1
    NO MINVALUE
    NO MAXVALUE
    CACHE 1
);


--
-- Name: django_admin_log; Type: TABLE; Schema: public; Owner: LibraryAdmin
--

CREATE TABLE public.django_admin_log (
    id integer NOT NULL,
    action_time timestamp with time zone NOT NULL,
    object_id text,
    object_repr character varying(200) NOT NULL,
    action_flag smallint NOT NULL,
    change_message text NOT NULL,
    content_type_id integer,
    user_id bigint NOT NULL,
    CONSTRAINT django_admin_log_action_flag_check CHECK ((action_flag >= 0))
);


ALTER TABLE public.django_admin_log OWNER TO "LibraryAdmin";

--
-- Name: django_admin_log_id_seq; Type: SEQUENCE; Schema: public; Owner: LibraryAdmin
--

ALTER TABLE public.django_admin_log ALTER COLUMN id ADD GENERATED BY DEFAULT AS IDENTITY (
    SEQUENCE NAME public.django_admin_log_id_seq
    START WITH 1
    INCREMENT BY 1
    NO MINVALUE
    NO MAXVALUE
    CACHE 1
);


--
-- Name: django_content_type; Type: TABLE; Schema: public; Owner: LibraryAdmin
--

CREATE TABLE public.django_content_type (
    id integer NOT NULL,
    app_label character varying(100) NOT NULL,
    model character varying(100) NOT NULL
);


ALTER TABLE public.django_content_type OWNER TO "LibraryAdmin";

--
-- Name: django_content_type_id_seq; Type: SEQUENCE; Schema: public; Owner: LibraryAdmin
--

ALTER TABLE public.django_content_type ALTER COLUMN id ADD GENERATED BY DEFAULT AS IDENTITY (
    SEQUENCE NAME public.django_content_type_id_seq
    START WITH 1
    INCREMENT BY 1
    NO MINVALUE
    NO MAXVALUE
    CACHE 1
);


--
-- Name: django_migrations; Type: TABLE; Schema: public; Owner: LibraryAdmin
--

CREATE TABLE public.django_migrations (
    id bigint NOT NULL,
    app character varying(255) NOT NULL,
    name character varying(255) NOT NULL,
    applied timestamp with time zone NOT NULL
);


ALTER TABLE public.django_migrations OWNER TO "LibraryAdmin";

--
-- Name: django_migrations_id_seq; Type: SEQUENCE; Schema: public; Owner: LibraryAdmin
--

ALTER TABLE public.django_migrations ALTER COLUMN id ADD GENERATED BY DEFAULT AS IDENTITY (
    SEQUENCE NAME public.django_migrations_id_seq
    START WITH 1
    INCREMENT BY 1
    NO MINVALUE
    NO MAXVALUE
    CACHE 1
);


--
-- Name: django_session; Type: TABLE; Schema: public; Owner: LibraryAdmin
--

CREATE TABLE public.django_session (
    session_key character varying(40) NOT NULL,
    session_data text NOT NULL,
    expire_date timestamp with time zone NOT NULL
);


ALTER TABLE public.django_session OWNER TO "LibraryAdmin";

--
-- Name: genre; Type: TABLE; Schema: public; Owner: LibraryAdmin
--

CREATE TABLE public.genre (
    id bigint NOT NULL,
    genre character varying(20) NOT NULL
);


ALTER TABLE public.genre OWNER TO "LibraryAdmin";

--
-- Name: genre_id_seq; Type: SEQUENCE; Schema: public; Owner: LibraryAdmin
--

ALTER TABLE public.genre ALTER COLUMN id ADD GENERATED BY DEFAULT AS IDENTITY (
    SEQUENCE NAME public.genre_id_seq
    START WITH 1
    INCREMENT BY 1
    NO MINVALUE
    NO MAXVALUE
    CACHE 1
);


--
-- Name: issuance; Type: TABLE; Schema: public; Owner: LibraryAdmin
--

CREATE TABLE public.issuance (
    id bigint NOT NULL,
    date_issue timestamp with time zone NOT NULL,
    return_date timestamp with time zone,
    book_instance_id bigint NOT NULL,
    employee_id bigint,
    reader_id bigint NOT NULL
);


ALTER TABLE public.issuance OWNER TO "LibraryAdmin";

--
-- Name: issuance_id_seq; Type: SEQUENCE; Schema: public; Owner: LibraryAdmin
--

ALTER TABLE public.issuance ALTER COLUMN id ADD GENERATED BY DEFAULT AS IDENTITY (
    SEQUENCE NAME public.issuance_id_seq
    START WITH 1
    INCREMENT BY 1
    NO MINVALUE
    NO MAXVALUE
    CACHE 1
);


--
-- Name: news; Type: TABLE; Schema: public; Owner: LibraryAdmin
--

CREATE TABLE public.news (
    id bigint NOT NULL,
    heading character varying(150) NOT NULL,
    news text NOT NULL,
    date_of_publication date NOT NULL
);


ALTER TABLE public.news OWNER TO "LibraryAdmin";

--
-- Name: news_id_seq; Type: SEQUENCE; Schema: public; Owner: LibraryAdmin
--

ALTER TABLE public.news ALTER COLUMN id ADD GENERATED BY DEFAULT AS IDENTITY (
    SEQUENCE NAME public.news_id_seq
    START WITH 1
    INCREMENT BY 1
    NO MINVALUE
    NO MAXVALUE
    CACHE 1
);


--
-- Name: publisher; Type: TABLE; Schema: public; Owner: LibraryAdmin
--

CREATE TABLE public.publisher (
    id bigint NOT NULL,
    publisher character varying(20) NOT NULL
);


ALTER TABLE public.publisher OWNER TO "LibraryAdmin";

--
-- Name: publisher_id_seq; Type: SEQUENCE; Schema: public; Owner: LibraryAdmin
--

ALTER TABLE public.publisher ALTER COLUMN id ADD GENERATED BY DEFAULT AS IDENTITY (
    SEQUENCE NAME public.publisher_id_seq
    START WITH 1
    INCREMENT BY 1
    NO MINVALUE
    NO MAXVALUE
    CACHE 1
);


--
-- Name: user; Type: TABLE; Schema: public; Owner: LibraryAdmin
--

CREATE TABLE public."user" (
    id bigint NOT NULL,
    password character varying(128) NOT NULL,
    last_login timestamp with time zone,
    is_superuser boolean NOT NULL,
    username character varying(150) NOT NULL,
    first_name character varying(150) NOT NULL,
    last_name character varying(150) NOT NULL,
    email character varying(254) NOT NULL,
    is_staff boolean NOT NULL,
    is_active boolean NOT NULL,
    date_joined timestamp with time zone NOT NULL,
    date_of_birth date,
    phone character varying(12)
);


ALTER TABLE public."user" OWNER TO "LibraryAdmin";

--
-- Name: user_groups; Type: TABLE; Schema: public; Owner: LibraryAdmin
--

CREATE TABLE public.user_groups (
    id bigint NOT NULL,
    user_id bigint NOT NULL,
    group_id integer NOT NULL
);


ALTER TABLE public.user_groups OWNER TO "LibraryAdmin";

--
-- Name: user_groups_id_seq; Type: SEQUENCE; Schema: public; Owner: LibraryAdmin
--

ALTER TABLE public.user_groups ALTER COLUMN id ADD GENERATED BY DEFAULT AS IDENTITY (
    SEQUENCE NAME public.user_groups_id_seq
    START WITH 1
    INCREMENT BY 1
    NO MINVALUE
    NO MAXVALUE
    CACHE 1
);


--
-- Name: user_id_seq; Type: SEQUENCE; Schema: public; Owner: LibraryAdmin
--

ALTER TABLE public."user" ALTER COLUMN id ADD GENERATED BY DEFAULT AS IDENTITY (
    SEQUENCE NAME public.user_id_seq
    START WITH 1
    INCREMENT BY 1
    NO MINVALUE
    NO MAXVALUE
    CACHE 1
);


--
-- Name: user_user_permissions; Type: TABLE; Schema: public; Owner: LibraryAdmin
--

CREATE TABLE public.user_user_permissions (
    id bigint NOT NULL,
    user_id bigint NOT NULL,
    permission_id integer NOT NULL
);


ALTER TABLE public.user_user_permissions OWNER TO "LibraryAdmin";

--
-- Name: user_user_permissions_id_seq; Type: SEQUENCE; Schema: public; Owner: LibraryAdmin
--

ALTER TABLE public.user_user_permissions ALTER COLUMN id ADD GENERATED BY DEFAULT AS IDENTITY (
    SEQUENCE NAME public.user_user_permissions_id_seq
    START WITH 1
    INCREMENT BY 1
    NO MINVALUE
    NO MAXVALUE
    CACHE 1
);


--
-- Data for Name: auth_group; Type: TABLE DATA; Schema: public; Owner: LibraryAdmin
--

COPY public.auth_group (id, name) FROM stdin;
1	Сотрудники
2	Администратор
\.


--
-- Data for Name: auth_group_permissions; Type: TABLE DATA; Schema: public; Owner: LibraryAdmin
--

COPY public.auth_group_permissions (id, group_id, permission_id) FROM stdin;
2	1	21
3	1	22
4	1	23
5	1	24
6	1	25
7	1	26
8	1	27
9	1	28
10	1	29
11	1	30
12	1	31
13	1	32
14	1	33
15	1	34
16	1	35
17	1	36
18	1	37
19	1	38
20	1	39
21	1	40
22	1	41
23	1	42
24	1	43
25	1	44
26	1	48
27	1	49
28	1	50
29	1	51
30	1	52
31	1	56
32	1	53
33	1	54
34	1	55
35	1	57
36	1	58
37	1	59
38	1	60
39	2	1
40	2	2
41	2	3
42	2	4
43	2	5
44	2	6
45	2	7
46	2	8
47	2	9
48	2	10
49	2	11
50	2	12
51	2	13
52	2	14
53	2	15
54	2	16
55	2	17
56	2	18
57	2	19
58	2	20
59	2	21
60	2	22
61	2	23
62	2	24
63	2	25
64	2	26
65	2	27
66	2	28
67	2	29
68	2	30
69	2	31
70	2	32
71	2	33
72	2	34
73	2	35
74	2	36
75	2	37
76	2	38
77	2	39
78	2	40
79	2	41
80	2	42
81	2	43
82	2	44
83	2	45
84	2	46
85	2	47
86	2	48
87	2	49
88	2	50
89	2	51
90	2	52
91	2	53
92	2	54
93	2	55
94	2	56
95	2	57
96	2	58
97	2	59
98	2	60
\.


--
-- Data for Name: auth_permission; Type: TABLE DATA; Schema: public; Owner: LibraryAdmin
--

COPY public.auth_permission (id, name, content_type_id, codename) FROM stdin;
1	Can add log entry	1	add_logentry
2	Can change log entry	1	change_logentry
3	Can delete log entry	1	delete_logentry
4	Can view log entry	1	view_logentry
5	Can add permission	2	add_permission
6	Can change permission	2	change_permission
7	Can delete permission	2	delete_permission
8	Can view permission	2	view_permission
9	Can add group	3	add_group
10	Can change group	3	change_group
11	Can delete group	3	delete_group
12	Can view group	3	view_group
13	Can add content type	4	add_contenttype
14	Can change content type	4	change_contenttype
15	Can delete content type	4	delete_contenttype
16	Can view content type	4	view_contenttype
17	Can add session	5	add_session
18	Can change session	5	change_session
19	Can delete session	5	delete_session
20	Can view session	5	view_session
21	Can add Книгу	6	add_bookcatalog
22	Can change Книгу	6	change_bookcatalog
23	Can delete Книгу	6	delete_bookcatalog
24	Can view Книгу	6	view_bookcatalog
25	Can add Статус экземпляра книги	7	add_bookinstancestatus
26	Can change Статус экземпляра книги	7	change_bookinstancestatus
27	Can delete Статус экземпляра книги	7	delete_bookinstancestatus
28	Can view Статус экземпляра книги	7	view_bookinstancestatus
29	Can add Экземпляр книги	8	add_bookinstance
30	Can change Экземпляр книги	8	change_bookinstance
31	Can delete Экземпляр книги	8	delete_bookinstance
32	Can view Экземпляр книги	8	view_bookinstance
33	Can add Автора	9	add_author
34	Can change Автора	9	change_author
35	Can delete Автора	9	delete_author
36	Can view Автора	9	view_author
37	Can add Жанр	10	add_genre
38	Can change Жанр	10	change_genre
39	Can delete Жанр	10	delete_genre
40	Can view Жанр	10	view_genre
41	Can add Издательство	11	add_publisher
42	Can change Издательство	11	change_publisher
43	Can delete Издательство	11	delete_publisher
44	Can view Издательство	11	view_publisher
45	Can add Пользователя	12	add_user
46	Can change Пользователя	12	change_user
47	Can delete Пользователя	12	delete_user
48	Can view Пользователя	12	view_user
49	Can add Бронирование	13	add_booking
50	Can change Бронирование	13	change_booking
51	Can delete Бронирование	13	delete_booking
52	Can view Бронирование	13	view_booking
53	Can add Вадачу книг	14	add_issuance
54	Can change Вадачу книг	14	change_issuance
55	Can delete Вадачу книг	14	delete_issuance
56	Can view Вадачу книг	14	view_issuance
57	Can add Новость	15	add_news
58	Can change Новость	15	change_news
59	Can delete Новость	15	delete_news
60	Can view Новость	15	view_news
\.


--
-- Data for Name: author; Type: TABLE DATA; Schema: public; Owner: LibraryAdmin
--

COPY public.author (id, first_name, last_name) FROM stdin;
1	Рэй	Брэдбери
2	Михаил	Булгаков
3	Александр	Грин
4	Николай	Карамзин
5	Антуан де	Сент-Экзюпери
6	Лев	Толстой
7	Марк	Твен
8	Эмили	Бронте
9	Джейн	Остин
10	Айн	Рэнд
11	Джордж	Оруэлл
\.


--
-- Data for Name: book_catalog; Type: TABLE DATA; Schema: public; Owner: LibraryAdmin
--

COPY public.book_catalog (id, title, author_id, genre_id, age_restriction, copies_number, annotation, image, slug) FROM stdin;
3	451 градус по Фаренгейту	1	1	16	2	451 градус по Фаренгейту - температура, при которой воспламеняется и горит бумага. Философская антиутопия Брэдбери рисует беспросветную картину развития постиндустриального общества: это мир будущего, в котором все письменные издания безжалостно уничтожаются специальным отрядом пожарных, хранение книг преследуется по закону, интерактивное телевидение успешно служит всеобщему оболваниванию, карательная психиатрия решительно разбирается с редкими инакомыслящими, а на охоту за неисправимыми диссидентами выходит электрический пес…	book_image/451-gradus-po-farengejtu.jpg	451-gradus-po-farengejtu
4	Мастер и Маргарита	2	2	16	3	В Москву прибывает дьявол со своей свитой - так начинается череда невероятных происшествий. В это время талантливый мастер томится в доме скорби, а его возлюбленная Маргарита пытается его спасти. Творчество или ремесло, благополучие или страсть, справедливость или карьера, свет или тьма… Каждый из героев делает собственный выбор, который становится вкладом в вечную борьбу добра и зла.	book_image/master-i-margarita.jpg	master-i-margarita
5	Алые паруса	3	3	12	4	Феерия раскрывает, на первый взгляд, обычную историю, как в одной далёкой деревеньке на границе моря и земли, жила без матери и воспитывалась отцом-моряком, девочка Ассоль. В это время, где-то на другом краю земли, вдали от моря, жил мальчик. Звали его Грей. Он был окружен и отцом, и любящей матерью, и жил он в большом замке, имея все блага, чтобы не беспокоиться о хлебе насущном.\r\nВстретятся ли Ассоль и Грей? И каково это - жить, ожидая чуда, жить и искать себя? В книге есть ответы на эти и многие другие вопросы, которые задает себе каждый человек.	book_image/alye-parusa.png	alye-parusa
6	Бедная Лиза	4	4	6	2	Сентиментальная повесть, написанная в 1792 году крупнейшим русским литератором Николаем Михайловичем Карамзиным (1766–1826). История повествует о роковой любви доверчивой крестьянской девушки Лизы и богатого дворянина Эраста. Автор впечатляюще передает, как всепоглощающая страсть постепенно оборачивается ложью, холодностью и приводит к трагическому финалу.		bednaya-liza
8	Маленький принц	5	5	12	6	"Маленький принц" - самая известная сказка французского писателя Антуана де Сент-Экзюпери. Она стала одной из самых переводных книг в истории и вошла в список мировой золотой литературы.\r\nЗа сказкой о мальчике, который путешествует по различным планетам, скрывается глубокая притча о важнейших человеческих ценностях: любви, дружбе, верности тому, кого приручил. Рисунки к произведению выполнил сам автор, и они подчеркивают искренность и доброту "Маленького принца".	book_image/malenkij-princ_feGfKWZ.jpg	malenkij-princ
9	Приключения Тома Сойера	7	2	12	4	Беззаботный школьник Том Сойер - озорник и выдумщик, но у него доброе сердце и светлая голова. Он любит убегать из дома, купаться в речке и легко превращает наказание в развлечение. Вместе со своим другом Геком Финном он весело проводит время. Мальчишки пускаются в приключения, попадают в передряги и проказничают.\r\nИстория веселого, живого, озорного Тома Сойера - одна из самых лучезарных книг в мировой литературе.	book_image/priklyucheniya-toma-sojera.jpg	priklyucheniya-toma-sojera
10	И грянул гром	1	7	16	2	Экельс, охотник-любитель, за большие деньги отправляется на сафари в мезозойскую эру вместе с ещё несколькими охотниками. Однако охота на динозавров обставлена жёсткими условиями: убить можно только то животное, которое должно и без этого вот-вот погибнуть (например, раненное сломавшимся деревом), а возвращаясь, необходимо уничтожить все следы своего пребывания (в том числе вытащить из тела животного пули), чтобы не внести изменения в будущее.\r\nВо время охоты Экельс, увидев тираннозавра, не решается продолжать охоту, а возвращаясь к Машине времени, сходит с тропы. После возвращения в своё время охотники неожиданно обнаруживают, что их мир изменился: иная орфография языка, у власти вместо президента-либерала стоит диктатор. Причина этой катастрофы тут же выясняется: Экельс, сойдя с тропы, случайно раздавил бабочку.\r\nВ своём рассказе автор предостерегает потомков от легкомысленного и поверхностного отношения к проблемам путешествий во времени. Любое проявление человеческой слабости может стать фатальным и необратимым, необходимо бережно относиться к своему прошлому, чтобы не остаться без настоящего и без будущего.	book_image/i-gryanul-grom.jpg	i-gryanul-grom
11	Грозовой перевал	8	2	16	2	Самое известное произведение английской писательницы и поэтессы Эмили Бронте и единственный ее роман, опубликованный под псевдонимом Эллис Белл. Издание в 1847 году стало настоящим вызовом строгой викторианской морали и породило бурные дебаты. Кэтрин Эрншо — женщина, пытающаяся жить по своим правилам, сирота Хитклиф, раса и этнос которого оспариваются до сих пор, старый семейный особняк, затерянный посреди вересковой пустоши, и смена ненадежных рассказчиков — все это прекрасно образованная Бронте сплетает в загадочное, будоражащее воображение повествование, которое считается одним из первых образцов женской готики.	book_image/grozovoj-pereval.jpg	grozovoj-pereval
12	Гордость и предубеждение	9	2	16	3	В небогатом семействе Беннет — пять дочерей, мать мечтает лишь о том, как бы выдать их замуж. Рядом поселяется состоятельный молодой джентльмен по имени мистер Бингли вместе с холостым и обеспеченным другом мистером Дарси. Бингли знакомится со старшей дочерью Джейн, и между ними возникает взаимная симпатия. В свою очередь Элизабет удалось покорить сердце Дарси. Но энергичной красавице он кажется надменным и самодовольным, да и слишком большой казалась разница в их общественном положении. Лишь постепенно Элизабет преодолевает своё предубеждение, а мистер Дарси забывает о гордости, и их соединяет настоящая любовь.\r\nНа первый взгляд, «Гордость и предубеждение» — любовный роман. Однако это и весёлая комедия, и история взросления, и социальная критика, и философская притча.	book_image/gordost-i-predubezhdenie.jpg	gordost-i-predubezhdenie
13	Анна Каренина	6	2	16	1	"Анна Каренина", один из самых знаменитых романов Льва Толстого, начинается ставшей афоризмом фразой :"Все счастливые семьи похожи друг на друга, каждая несчастливая семья несчастлива по-своему". Это книга о вечных ценностях: о любви, о вере, о семье, о человеческом достоинстве.	book_image/anna-karenina.jpg	anna-karenina
14	Атлант расправил плечи	10	1	16	1	В первой части читатели знакомятся с главными героями, гениальными предпринимателями, которым противостоят их антиподы — бездарные государственные чиновники. Повествование начинается с вопроса: кто такой Джон Голт? И на этот вопрос будут искать ответ герои романа и его читатели.\r\nВо второй части правительство берёт курс на «равные возможности», считая справедливым за счёт талантливых и состоятельных сделать богатыми никчёмных и бесталанных. Запрет на развитие производства и лоббирование интересов «нужных» людей разрушают общество.\r\nВ третьей части государственные чиновники, лицемерно призывающие граждан к самопожертвованию, но ограничивающие свободу предпринимательства, приводят страну к экономическому краху.\r\nГлавные герои романа стальной король Хэнк Риарден и вице-президент железнодорожной компании Дагни Таггерт тщетно пытаются противостоять трагическим событиям. Вместо всеобщего процветания общество погружается в апатию и хаос.\r\nКнига заставляет задуматься о смысле жизни, о роли предпринимательства в обществе и о том, как важно быть самим собой и не идти на поводу у толпы. Это произведение, которое учит отстаивать свои убеждения и ценности, не смотря на общественное мнение.	book_image/atlant-raspravil-plechi.jpg	atlant-raspravil-plechi
15	1984	11	1	16	4	Тоталитарное партийное государство Океания. Здесь не существует понятий "индивидуальность", "любовь" и "тайна". Здесь с многочисленных плакатов смотрит Большой Брат, который следит за каждым действием и мыслью. Министерство правды занимается фальсификацией фактов, а министерство любви - уничтожением мыслепреступников.\r\nНо внезапно один маленький человек, скрывшись от камер в крохотной нише своей квартиры, садится писать дневник.\r\nЧто могут изменить слова на бумаге? Как оказалось - все.	book_image/1984.jpg	1984
\.


--
-- Data for Name: book_instance; Type: TABLE DATA; Schema: public; Owner: LibraryAdmin
--

COPY public.book_instance (id, publication_year, slug, book_id, status_id, publisher_id) FROM stdin;
9	2023	master-i-margarita-2	4	1	5
11	2014	alye-parusa-1	5	1	1
13	2018	alye-parusa-3	5	1	3
14	2021	alye-parusa-4	5	1	5
18	2023	malenkij-princ-1	8	1	3
23	2019	malenkij-princ-6	8	1	4
6	2021	451-gradus-po-farengejtu-1	3	1	2
7	2018	451-gradus-po-farengejtu-2	3	2	3
8	1996	master-i-margarita-1	4	2	1
22	2020	malenkij-princ-5	8	1	2
15	2024	bednaya-liza-1	6	1	4
19	2014	malenkij-princ-2	8	3	5
12	2024	alye-parusa-2	5	1	3
16	2024	bednaya-liza-2	6	1	2
25	2024	priklyucheniya-toma-sojera-2	9	1	1
24	2021	priklyucheniya-toma-sojera-1	9	1	2
26	2017	priklyucheniya-toma-sojera-3	9	1	5
27	2020	priklyucheniya-toma-sojera-4	9	1	3
28	2019	i-gryanul-grom-1	10	1	3
29	2022	i-gryanul-grom-2	10	1	4
30	2022	grozovoj-pereval-1	11	1	1
31	2009	grozovoj-pereval-2	11	1	6
33	2018	gordost-i-predubezhdenie-2	12	1	6
34	2020	gordost-i-predubezhdenie-3	12	1	4
35	2023	anna-karenina-1	13	1	2
37	2020	1984-1	15	1	1
39	2015	1984-3	15	1	5
40	2021	1984-4	15	1	4
38	2018	1984-2	15	2	3
36	2018	atlant-raspravil-plechi-1	14	3	7
32	2022	gordost-i-predubezhdenie-1	12	3	2
20	2005	malenkij-princ-3	8	1	4
10	2019	master-i-margarita-3	4	2	2
21	2024	malenkij-princ-4	8	1	1
\.


--
-- Data for Name: book_instance_status; Type: TABLE DATA; Schema: public; Owner: LibraryAdmin
--

COPY public.book_instance_status (id, status) FROM stdin;
1	Свободна
2	Забронирована
3	Выдана
4	Потеряна
\.


--
-- Data for Name: booking; Type: TABLE DATA; Schema: public; Owner: LibraryAdmin
--

COPY public.booking (id, booking_start_date, booking_end_date, book_instance_id, reader_id) FROM stdin;
4	2024-11-23 13:12:59+03	2024-11-30 13:12:59+03	8	2
7	2024-10-31 22:11:57+03	2024-11-03 14:54:08+03	22	3
1	2024-11-23 16:11:24+03	2024-11-30 16:11:24+03	7	4
6	2024-11-04 14:00:47+03	2024-11-08 15:29:36+03	16	3
8	2024-11-20 15:26:34+03	2024-11-23 16:56:47+03	15	2
5	2024-09-02 15:39:15+03	2024-09-06 19:07:30+03	25	3
10	2024-11-25 15:18:40.124506+03	2024-12-02 15:18:40.124506+03	38	5
9	2024-11-24 19:12:08.778269+03	2024-11-27 19:01:21.151905+03	20	1
11	2024-11-27 19:01:32.414879+03	2024-12-04 19:01:32.414879+03	10	1
12	2024-11-30 14:21:49.647892+03	2024-11-30 14:22:10.940434+03	21	3
\.


--
-- Data for Name: django_admin_log; Type: TABLE DATA; Schema: public; Owner: LibraryAdmin
--

COPY public.django_admin_log (id, action_time, object_id, object_repr, action_flag, change_message, content_type_id, user_id) FROM stdin;
1	2024-11-20 17:03:15.77917+03	1	nika_admin	2	[]	12	1
2	2024-11-20 17:14:41.606588+03	4	maria_simonova	2	[{"changed": {"fields": ["Staff status"]}}]	12	1
3	2024-11-20 17:14:49.136158+03	4	maria_simonova	2	[]	12	1
4	2024-11-23 12:10:14.650539+03	6	Экземпляр книги: 451 градус по Фаренгейту, ID: 6	2	[{"changed": {"fields": ["\\u0421\\u0442\\u0430\\u0442\\u0443\\u0441"]}}]	8	1
5	2024-11-23 12:10:37.813244+03	6	Экземпляр книги: 451 градус по Фаренгейту, ID: 6	2	[{"changed": {"fields": ["\\u0421\\u0442\\u0430\\u0442\\u0443\\u0441"]}}]	8	1
6	2024-11-23 13:27:19.680293+03	1	Бронирование № 1 Начало: 2024-11-23 Окончание: 2024-11-30 Читатель: nika_admin	1	[{"added": {}}]	13	1
7	2024-11-23 13:46:38.06006+03	7	Экземпляр книги: 451 градус по Фаренгейту, ID: 7	2	[{"changed": {"fields": ["\\u0421\\u0442\\u0430\\u0442\\u0443\\u0441"]}}]	8	1
8	2024-11-23 14:58:10.930289+03	3	Бронирование № 3 Начало: 2024-11-23 Окончание: 2024-11-30 Читатель: victoria_parshina	3		13	1
9	2024-11-23 15:00:46.042271+03	5	Бронирование № 5 Начало: 2024-09-02 Окончание: 2024-09-06 Читатель: maks_morosov	1	[{"added": {}}]	13	1
10	2024-11-23 15:11:11.297155+03	8	Экземпляр книги: Мастер и Маргарита, ID: 8	2	[{"changed": {"fields": ["\\u0421\\u0442\\u0430\\u0442\\u0443\\u0441"]}}]	8	1
11	2024-11-23 15:11:33.049457+03	16	Экземпляр книги: Бедная Лиза, ID: 16	2	[{"changed": {"fields": ["\\u0421\\u0442\\u0430\\u0442\\u0443\\u0441"]}}]	8	1
12	2024-11-23 15:17:33.292127+03	6	Бронирование № 6 Начало: 2024-11-04 Окончание: 2024-11-08 Читатель: nika_admin	2	[{"changed": {"fields": ["\\u0414\\u0430\\u0442\\u0430 \\u043d\\u0430\\u0447\\u0430\\u043b\\u0430 \\u0431\\u0440\\u043e\\u043d\\u0438\\u0440\\u043e\\u0432\\u0430\\u043d\\u0438\\u044f", "\\u0414\\u0430\\u0442\\u0430 \\u043e\\u043a\\u043e\\u043d\\u0447\\u0430\\u043d\\u0438\\u044f \\u0431\\u0440\\u043e\\u043d\\u0438\\u0440\\u043e\\u0432\\u0430\\u043d\\u0438\\u044f"]}}]	13	1
13	2024-11-23 15:17:47.474511+03	7	Бронирование № 7 Начало: 2024-10-31 Окончание: 2024-11-03 Читатель: maks_morosov	2	[{"changed": {"fields": ["\\u0414\\u0430\\u0442\\u0430 \\u043d\\u0430\\u0447\\u0430\\u043b\\u0430 \\u0431\\u0440\\u043e\\u043d\\u0438\\u0440\\u043e\\u0432\\u0430\\u043d\\u0438\\u044f", "\\u0414\\u0430\\u0442\\u0430 \\u043e\\u043a\\u043e\\u043d\\u0447\\u0430\\u043d\\u0438\\u044f \\u0431\\u0440\\u043e\\u043d\\u0438\\u0440\\u043e\\u0432\\u0430\\u043d\\u0438\\u044f"]}}]	13	1
14	2024-11-23 15:22:45.289404+03	1	Бронирование № 1 Начало: 2024-11-23 13:11:24+00:00 Окончание: 2024-11-30 16:40:16+00:00 Читатель: nika_admin	2	[{"changed": {"fields": ["\\u0414\\u0430\\u0442\\u0430 \\u043d\\u0430\\u0447\\u0430\\u043b\\u0430 \\u0431\\u0440\\u043e\\u043d\\u0438\\u0440\\u043e\\u0432\\u0430\\u043d\\u0438\\u044f", "\\u0414\\u0430\\u0442\\u0430 \\u043e\\u043a\\u043e\\u043d\\u0447\\u0430\\u043d\\u0438\\u044f \\u0431\\u0440\\u043e\\u043d\\u0438\\u0440\\u043e\\u0432\\u0430\\u043d\\u0438\\u044f"]}}]	13	1
15	2024-11-23 15:23:19.324651+03	4	Бронирование № 4 Начало: 2024-11-23 10:12:59+00:00 Окончание: 2024-11-30 10:12:59+00:00 Читатель: victoria_parshina	2	[{"changed": {"fields": ["\\u0414\\u0430\\u0442\\u0430 \\u043d\\u0430\\u0447\\u0430\\u043b\\u0430 \\u0431\\u0440\\u043e\\u043d\\u0438\\u0440\\u043e\\u0432\\u0430\\u043d\\u0438\\u044f", "\\u0414\\u0430\\u0442\\u0430 \\u043e\\u043a\\u043e\\u043d\\u0447\\u0430\\u043d\\u0438\\u044f \\u0431\\u0440\\u043e\\u043d\\u0438\\u0440\\u043e\\u0432\\u0430\\u043d\\u0438\\u044f"]}}]	13	1
16	2024-11-23 15:23:40.609169+03	1	Бронирование № 1 Начало: 2024-11-23 13:11:24+00:00 Окончание: 2024-11-30 13:11:24+00:00 Читатель: nika_admin	2	[{"changed": {"fields": ["\\u0414\\u0430\\u0442\\u0430 \\u043e\\u043a\\u043e\\u043d\\u0447\\u0430\\u043d\\u0438\\u044f \\u0431\\u0440\\u043e\\u043d\\u0438\\u0440\\u043e\\u0432\\u0430\\u043d\\u0438\\u044f"]}}]	13	1
17	2024-11-23 15:24:06.919664+03	5	Бронирование № 5 Начало: 2024-09-02 12:39:15+00:00 Окончание: 2024-09-06 16:07:30+00:00 Читатель: maks_morosov	2	[{"changed": {"fields": ["\\u0414\\u0430\\u0442\\u0430 \\u043d\\u0430\\u0447\\u0430\\u043b\\u0430 \\u0431\\u0440\\u043e\\u043d\\u0438\\u0440\\u043e\\u0432\\u0430\\u043d\\u0438\\u044f", "\\u0414\\u0430\\u0442\\u0430 \\u043e\\u043a\\u043e\\u043d\\u0447\\u0430\\u043d\\u0438\\u044f \\u0431\\u0440\\u043e\\u043d\\u0438\\u0440\\u043e\\u0432\\u0430\\u043d\\u0438\\u044f"]}}]	13	1
18	2024-11-23 15:24:39.36894+03	6	Бронирование № 6 Начало: 2024-11-04 11:00:47+00:00 Окончание: 2024-11-08 12:29:36+00:00 Читатель: nika_admin	2	[{"changed": {"fields": ["\\u0414\\u0430\\u0442\\u0430 \\u043d\\u0430\\u0447\\u0430\\u043b\\u0430 \\u0431\\u0440\\u043e\\u043d\\u0438\\u0440\\u043e\\u0432\\u0430\\u043d\\u0438\\u044f", "\\u0414\\u0430\\u0442\\u0430 \\u043e\\u043a\\u043e\\u043d\\u0447\\u0430\\u043d\\u0438\\u044f \\u0431\\u0440\\u043e\\u043d\\u0438\\u0440\\u043e\\u0432\\u0430\\u043d\\u0438\\u044f"]}}]	13	1
19	2024-11-23 15:25:14.443469+03	7	Бронирование № 7 Начало: 2024-10-31 19:11:57+00:00 Окончание: 2024-11-03 11:54:08+00:00 Читатель: maks_morosov	2	[{"changed": {"fields": ["\\u0414\\u0430\\u0442\\u0430 \\u043d\\u0430\\u0447\\u0430\\u043b\\u0430 \\u0431\\u0440\\u043e\\u043d\\u0438\\u0440\\u043e\\u0432\\u0430\\u043d\\u0438\\u044f", "\\u0414\\u0430\\u0442\\u0430 \\u043e\\u043a\\u043e\\u043d\\u0447\\u0430\\u043d\\u0438\\u044f \\u0431\\u0440\\u043e\\u043d\\u0438\\u0440\\u043e\\u0432\\u0430\\u043d\\u0438\\u044f"]}}]	13	1
20	2024-11-23 15:27:30.173837+03	4	maria_simonova	2	[{"changed": {"fields": ["Staff status"]}}]	12	1
21	2024-11-23 15:27:39.725387+03	1	Бронирование № 1 Начало: 2024-11-23 13:11:24+00:00 Окончание: 2024-11-30 13:11:24+00:00 Читатель: maks_morosov	2	[{"changed": {"fields": ["ID \\u0427\\u0438\\u0442\\u0430\\u0442\\u0435\\u043b\\u044f"]}}]	13	1
22	2024-11-23 15:27:44.379836+03	1	Бронирование № 1 Начало: 2024-11-23 13:11:24+00:00 Окончание: 2024-11-30 13:11:24+00:00 Читатель: maria_simonova	2	[{"changed": {"fields": ["ID \\u0427\\u0438\\u0442\\u0430\\u0442\\u0435\\u043b\\u044f"]}}]	13	1
23	2024-11-23 15:27:53.255823+03	6	Бронирование № 6 Начало: 2024-11-04 11:00:47+00:00 Окончание: 2024-11-08 12:29:36+00:00 Читатель: nika_admin	2	[]	13	1
24	2024-11-23 17:03:18.88842+03	1	Сотрудники	1	[{"added": {}}]	3	1
25	2024-11-23 17:03:41.699563+03	1	Сотрудники	2	[]	3	1
26	2024-11-23 17:04:02.227314+03	4	maria_simonova | Мария Симонова	2	[{"changed": {"fields": ["Groups", "Staff status"]}}]	12	1
27	2024-11-23 17:05:55.459504+03	1	Сотрудники	2	[{"changed": {"fields": ["Permissions"]}}]	3	1
28	2024-11-24 12:29:41.244631+03	1	Issuance object (1)	1	[{"added": {}}]	14	1
29	2024-11-24 12:34:36.042533+03	2	Issuance object (2)	1	[{"added": {}}]	14	1
30	2024-11-24 12:35:53.351998+03	1	Issuance object (1)	2	[{"changed": {"fields": ["\\u0414\\u0430\\u0442\\u0430 \\u0432\\u044b\\u0434\\u0430\\u0447\\u0438", "\\u0414\\u0430\\u0442\\u0430 \\u0432\\u043e\\u0437\\u0432\\u0440\\u0430\\u0442\\u0430"]}}]	14	1
31	2024-11-24 12:40:26.557453+03	3	Issuance object (3)	1	[{"added": {}}]	14	1
32	2024-11-24 12:40:48.378766+03	2	Issuance object (2)	2	[{"changed": {"fields": ["ID \\u0421\\u043e\\u0442\\u0440\\u0443\\u0434\\u043d\\u0438\\u043a\\u0430"]}}]	14	1
33	2024-11-24 12:41:17.393998+03	1	Issuance object (1)	2	[{"changed": {"fields": ["ID \\u0427\\u0438\\u0442\\u0430\\u0442\\u0435\\u043b\\u044f", "ID \\u0421\\u043e\\u0442\\u0440\\u0443\\u0434\\u043d\\u0438\\u043a\\u0430"]}}]	14	1
34	2024-11-24 12:41:45.291557+03	1	Issuance object (1)	2	[{"changed": {"fields": ["\\u0414\\u0430\\u0442\\u0430 \\u0432\\u044b\\u0434\\u0430\\u0447\\u0438"]}}]	14	1
35	2024-11-24 12:41:54.025667+03	2	Issuance object (2)	2	[{"changed": {"fields": ["\\u0414\\u0430\\u0442\\u0430 \\u0432\\u044b\\u0434\\u0430\\u0447\\u0438"]}}]	14	1
36	2024-11-24 12:42:14.583148+03	3	Issuance object (3)	2	[{"changed": {"fields": ["ID \\u0427\\u0438\\u0442\\u0430\\u0442\\u0435\\u043b\\u044f"]}}]	14	1
37	2024-11-24 12:42:32.300336+03	1	Issuance object (1)	2	[{"changed": {"fields": ["ID \\u0427\\u0438\\u0442\\u0430\\u0442\\u0435\\u043b\\u044f"]}}]	14	1
38	2024-11-24 12:43:13.350418+03	1	Сотрудники	2	[{"changed": {"fields": ["Permissions"]}}]	3	1
39	2024-11-24 13:46:20.069194+03	3	Issuance object (3)	2	[{"changed": {"fields": ["\\u0414\\u0430\\u0442\\u0430 \\u0432\\u043e\\u0437\\u0432\\u0440\\u0430\\u0442\\u0430"]}}]	14	4
40	2024-11-24 16:18:54.610368+03	1	Сотрудники	2	[{"changed": {"fields": ["Permissions"]}}]	3	1
41	2024-11-24 16:29:02.697581+03	1	Создание нового веб-сайта для библиотеки	1	[{"added": {}}]	15	1
42	2024-11-25 00:31:06.411017+03	6	Лев Толстой	1	[{"added": {}}]	9	1
43	2024-11-25 00:31:58.767841+03	7	Марк Твен	1	[{"added": {}}]	9	1
44	2024-11-25 00:32:06.435122+03	6	Приключения	1	[{"added": {}}]	10	1
45	2024-11-25 00:35:10.343925+03	9	Приключения Тома Сойера	1	[{"added": {}}]	6	1
46	2024-11-25 00:35:30.729442+03	24	Экземпляр книги: Приключения Тома Сойера, ID: 24	2	[{"changed": {"fields": ["\\u0413\\u043e\\u0434 \\u043f\\u0443\\u0431\\u043b\\u0438\\u043a\\u0430\\u0446\\u0438\\u0438", "\\u0418\\u0437\\u0434\\u0430\\u0442\\u0435\\u043b\\u044c\\u0441\\u0442\\u0432\\u043e"]}}]	8	1
47	2024-11-25 00:35:43.228996+03	26	Экземпляр книги: Приключения Тома Сойера, ID: 26	2	[{"changed": {"fields": ["\\u0413\\u043e\\u0434 \\u043f\\u0443\\u0431\\u043b\\u0438\\u043a\\u0430\\u0446\\u0438\\u0438", "\\u0418\\u0437\\u0434\\u0430\\u0442\\u0435\\u043b\\u044c\\u0441\\u0442\\u0432\\u043e"]}}]	8	1
48	2024-11-25 00:35:53.067673+03	27	Экземпляр книги: Приключения Тома Сойера, ID: 27	2	[{"changed": {"fields": ["\\u0413\\u043e\\u0434 \\u043f\\u0443\\u0431\\u043b\\u0438\\u043a\\u0430\\u0446\\u0438\\u0438", "\\u0418\\u0437\\u0434\\u0430\\u0442\\u0435\\u043b\\u044c\\u0441\\u0442\\u0432\\u043e"]}}]	8	1
49	2024-11-25 00:37:13.847418+03	7	Рассказ	1	[{"added": {}}]	10	1
50	2024-11-25 00:39:19.380087+03	10	И грянул гром	1	[{"added": {}}]	6	1
51	2024-11-25 00:39:36.553321+03	28	Экземпляр книги: И грянул гром, ID: 28	2	[{"changed": {"fields": ["\\u0413\\u043e\\u0434 \\u043f\\u0443\\u0431\\u043b\\u0438\\u043a\\u0430\\u0446\\u0438\\u0438", "\\u0418\\u0437\\u0434\\u0430\\u0442\\u0435\\u043b\\u044c\\u0441\\u0442\\u0432\\u043e"]}}]	8	1
52	2024-11-25 00:39:49.117103+03	29	Экземпляр книги: И грянул гром, ID: 29	2	[{"changed": {"fields": ["\\u0413\\u043e\\u0434 \\u043f\\u0443\\u0431\\u043b\\u0438\\u043a\\u0430\\u0446\\u0438\\u0438", "\\u0418\\u0437\\u0434\\u0430\\u0442\\u0435\\u043b\\u044c\\u0441\\u0442\\u0432\\u043e"]}}]	8	1
53	2024-11-25 00:41:48.767688+03	1	Создание нового веб-приложения для библиотеки	2	[{"changed": {"fields": ["\\u0417\\u0430\\u0433\\u043e\\u043b\\u043e\\u0432\\u043e\\u043a", "\\u041d\\u043e\\u0432\\u043e\\u0441\\u0442\\u044c"]}}]	15	1
54	2024-11-25 14:36:28.942293+03	8	Эмили Бронте	1	[{"added": {}}]	9	1
55	2024-11-25 14:40:45.475056+03	11	Грозовой перевал	1	[{"added": {}}]	6	1
56	2024-11-25 14:40:56.957837+03	30	Экземпляр книги: Грозовой перевал, ID: 30	2	[{"changed": {"fields": ["\\u0413\\u043e\\u0434 \\u043f\\u0443\\u0431\\u043b\\u0438\\u043a\\u0430\\u0446\\u0438\\u0438"]}}]	8	1
57	2024-11-25 14:43:03.494882+03	6	Росмэн	1	[{"added": {}}]	11	1
58	2024-11-25 14:43:04.8825+03	31	Экземпляр книги: Грозовой перевал, ID: 31	2	[{"changed": {"fields": ["\\u0413\\u043e\\u0434 \\u043f\\u0443\\u0431\\u043b\\u0438\\u043a\\u0430\\u0446\\u0438\\u0438", "\\u0418\\u0437\\u0434\\u0430\\u0442\\u0435\\u043b\\u044c\\u0441\\u0442\\u0432\\u043e"]}}]	8	1
59	2024-11-25 14:43:56.933667+03	9	Джейн Остин	1	[{"added": {}}]	9	1
60	2024-11-25 14:51:29.247094+03	12	Гордость и предубеждение	1	[{"added": {}}]	6	1
61	2024-11-25 14:51:37.937042+03	32	Экземпляр книги: Гордость и предубеждение, ID: 32	2	[{"changed": {"fields": ["\\u0413\\u043e\\u0434 \\u043f\\u0443\\u0431\\u043b\\u0438\\u043a\\u0430\\u0446\\u0438\\u0438", "\\u0418\\u0437\\u0434\\u0430\\u0442\\u0435\\u043b\\u044c\\u0441\\u0442\\u0432\\u043e"]}}]	8	1
62	2024-11-25 14:51:46.080386+03	33	Экземпляр книги: Гордость и предубеждение, ID: 33	2	[{"changed": {"fields": ["\\u0413\\u043e\\u0434 \\u043f\\u0443\\u0431\\u043b\\u0438\\u043a\\u0430\\u0446\\u0438\\u0438", "\\u0418\\u0437\\u0434\\u0430\\u0442\\u0435\\u043b\\u044c\\u0441\\u0442\\u0432\\u043e"]}}]	8	1
63	2024-11-25 14:51:54.043158+03	34	Экземпляр книги: Гордость и предубеждение, ID: 34	2	[{"changed": {"fields": ["\\u0413\\u043e\\u0434 \\u043f\\u0443\\u0431\\u043b\\u0438\\u043a\\u0430\\u0446\\u0438\\u0438", "\\u0418\\u0437\\u0434\\u0430\\u0442\\u0435\\u043b\\u044c\\u0441\\u0442\\u0432\\u043e"]}}]	8	1
64	2024-11-25 14:56:30.546809+03	13	Анна Каренина	1	[{"added": {}}]	6	1
65	2024-11-25 14:56:40.031393+03	35	Экземпляр книги: Анна Каренина, ID: 35	2	[{"changed": {"fields": ["\\u0413\\u043e\\u0434 \\u043f\\u0443\\u0431\\u043b\\u0438\\u043a\\u0430\\u0446\\u0438\\u0438", "\\u0418\\u0437\\u0434\\u0430\\u0442\\u0435\\u043b\\u044c\\u0441\\u0442\\u0432\\u043e"]}}]	8	1
66	2024-11-25 14:58:14.698681+03	10	Айн Рэнд	1	[{"added": {}}]	9	1
67	2024-11-25 15:03:00.070179+03	14	Атлант расправил плечи	1	[{"added": {}}]	6	1
68	2024-11-25 15:03:14.521665+03	7	Альпина Паблишер	1	[{"added": {}}]	11	1
69	2024-11-25 15:03:19.29974+03	36	Экземпляр книги: Атлант расправил плечи, ID: 36	2	[{"changed": {"fields": ["\\u0413\\u043e\\u0434 \\u043f\\u0443\\u0431\\u043b\\u0438\\u043a\\u0430\\u0446\\u0438\\u0438", "\\u0418\\u0437\\u0434\\u0430\\u0442\\u0435\\u043b\\u044c\\u0441\\u0442\\u0432\\u043e"]}}]	8	1
70	2024-11-25 15:04:02.095017+03	11	Джордж Оруэлл	1	[{"added": {}}]	9	1
71	2024-11-25 15:05:51.827013+03	15	1984	1	[{"added": {}}]	6	1
72	2024-11-25 15:06:00.075173+03	37	Экземпляр книги: 1984, ID: 37	2	[{"changed": {"fields": ["\\u0413\\u043e\\u0434 \\u043f\\u0443\\u0431\\u043b\\u0438\\u043a\\u0430\\u0446\\u0438\\u0438"]}}]	8	1
73	2024-11-25 15:06:09.877575+03	38	Экземпляр книги: 1984, ID: 38	2	[{"changed": {"fields": ["\\u0413\\u043e\\u0434 \\u043f\\u0443\\u0431\\u043b\\u0438\\u043a\\u0430\\u0446\\u0438\\u0438", "\\u0418\\u0437\\u0434\\u0430\\u0442\\u0435\\u043b\\u044c\\u0441\\u0442\\u0432\\u043e"]}}]	8	1
74	2024-11-25 15:06:19.362602+03	39	Экземпляр книги: 1984, ID: 39	2	[{"changed": {"fields": ["\\u0413\\u043e\\u0434 \\u043f\\u0443\\u0431\\u043b\\u0438\\u043a\\u0430\\u0446\\u0438\\u0438", "\\u0418\\u0437\\u0434\\u0430\\u0442\\u0435\\u043b\\u044c\\u0441\\u0442\\u0432\\u043e"]}}]	8	1
75	2024-11-25 15:06:25.718352+03	40	Экземпляр книги: 1984, ID: 40	2	[{"changed": {"fields": ["\\u0413\\u043e\\u0434 \\u043f\\u0443\\u0431\\u043b\\u0438\\u043a\\u0430\\u0446\\u0438\\u0438", "\\u0418\\u0437\\u0434\\u0430\\u0442\\u0435\\u043b\\u044c\\u0441\\u0442\\u0432\\u043e"]}}]	8	1
76	2024-11-25 15:09:48.358101+03	6	Booking object (6)	2	[{"changed": {"fields": ["ID \\u0427\\u0438\\u0442\\u0430\\u0442\\u0435\\u043b\\u044f"]}}]	13	1
77	2024-11-25 15:10:50.616345+03	8	Booking object (8)	2	[{"changed": {"fields": ["\\u0414\\u0430\\u0442\\u0430 \\u043d\\u0430\\u0447\\u0430\\u043b\\u0430 \\u0431\\u0440\\u043e\\u043d\\u0438\\u0440\\u043e\\u0432\\u0430\\u043d\\u0438\\u044f", "\\u0414\\u0430\\u0442\\u0430 \\u043e\\u043a\\u043e\\u043d\\u0447\\u0430\\u043d\\u0438\\u044f \\u0431\\u0440\\u043e\\u043d\\u0438\\u0440\\u043e\\u0432\\u0430\\u043d\\u0438\\u044f"]}}]	13	1
78	2024-11-25 15:15:12.988588+03	5	Booking object (5)	2	[{"changed": {"fields": ["ID \\u044d\\u043a\\u0437\\u0435\\u043c\\u043f\\u043b\\u044f\\u0440\\u0430 \\u043a\\u043d\\u0438\\u0433\\u0438"]}}]	13	1
79	2024-11-25 15:22:45.465491+03	6	angelisha | Ангелина Валерьева	2	[{"changed": {"fields": ["Groups", "Staff status"]}}]	12	1
80	2024-11-25 15:25:49.321128+03	4	Issuance object (4)	1	[{"added": {}}]	14	6
81	2024-11-25 15:26:27.638266+03	5	Issuance object (5)	1	[{"added": {}}]	14	6
82	2024-11-30 14:07:35.995508+03	2	Администратор	1	[{"added": {}}]	3	1
83	2024-11-30 14:07:54.265374+03	1	nika_admin | Вероника Морозова	2	[{"changed": {"fields": ["Groups"]}}]	12	1
84	2024-11-30 14:08:12.920992+03	2	victoria_parshina | Виктория Паршина	2	[{"changed": {"fields": ["Groups"]}}]	12	1
85	2024-11-30 14:08:21.814557+03	6	angelisha | Ангелина Валерьева	2	[]	12	1
\.


--
-- Data for Name: django_content_type; Type: TABLE DATA; Schema: public; Owner: LibraryAdmin
--

COPY public.django_content_type (id, app_label, model) FROM stdin;
1	admin	logentry
2	auth	permission
3	auth	group
4	contenttypes	contenttype
5	sessions	session
6	book_catalog	bookcatalog
7	book_catalog	bookinstancestatus
8	book_catalog	bookinstance
9	book_catalog	author
10	book_catalog	genre
11	book_catalog	publisher
12	users	user
13	booking	booking
14	issuance	issuance
15	main	news
\.


--
-- Data for Name: django_migrations; Type: TABLE DATA; Schema: public; Owner: LibraryAdmin
--

COPY public.django_migrations (id, app, name, applied) FROM stdin;
1	contenttypes	0001_initial	2024-11-20 10:37:28.799475+03
2	contenttypes	0002_remove_content_type_name	2024-11-20 10:37:28.806393+03
3	auth	0001_initial	2024-11-20 10:37:28.861983+03
4	auth	0002_alter_permission_name_max_length	2024-11-20 10:37:28.869391+03
5	auth	0003_alter_user_email_max_length	2024-11-20 10:37:28.87485+03
6	auth	0004_alter_user_username_opts	2024-11-20 10:37:28.88441+03
7	auth	0005_alter_user_last_login_null	2024-11-20 10:37:28.89158+03
8	auth	0006_require_contenttypes_0002	2024-11-20 10:37:28.895977+03
9	auth	0007_alter_validators_add_error_messages	2024-11-20 10:37:28.90287+03
10	auth	0008_alter_user_username_max_length	2024-11-20 10:37:28.909637+03
11	auth	0009_alter_user_last_name_max_length	2024-11-20 10:37:28.917718+03
12	auth	0010_alter_group_name_max_length	2024-11-20 10:37:28.928673+03
13	auth	0011_update_proxy_permissions	2024-11-20 10:37:28.933083+03
14	auth	0012_alter_user_first_name_max_length	2024-11-20 10:37:28.941015+03
15	users	0001_initial	2024-11-20 10:37:28.997882+03
16	admin	0001_initial	2024-11-20 10:37:29.024215+03
17	admin	0002_logentry_remove_auto_add	2024-11-20 10:37:29.03216+03
18	admin	0003_logentry_add_action_flag_choices	2024-11-20 10:37:29.04353+03
19	book_catalog	0001_initial	2024-11-20 10:37:29.087046+03
20	book_catalog	0002_author_genre_alter_bookinstance_book_and_more	2024-11-20 10:37:29.156946+03
21	book_catalog	0003_publisher	2024-11-20 10:37:29.166654+03
22	book_catalog	0004_bookinstance_publisher	2024-11-20 10:37:29.191977+03
23	sessions	0001_initial	2024-11-20 10:37:29.205745+03
24	booking	0001_initial	2024-11-23 13:18:36.630237+03
25	booking	0002_alter_booking_booking_end_date	2024-11-23 13:24:30.483728+03
26	booking	0003_alter_booking_booking_start_date	2024-11-23 14:59:48.853361+03
27	booking	0004_alter_booking_booking_end_date_and_more	2024-11-23 15:20:38.216466+03
28	issuance	0001_initial	2024-11-24 12:22:33.49142+03
29	issuance	0002_alter_issuance_options	2024-11-24 16:17:59.407961+03
30	main	0001_initial	2024-11-24 16:17:59.416454+03
\.


--
-- Data for Name: django_session; Type: TABLE DATA; Schema: public; Owner: LibraryAdmin
--

COPY public.django_session (session_key, session_data, expire_date) FROM stdin;
io03c5tp1kxbqtpjq0w636rjq99mj9am	.eJxVjEEOgjAQRe_StWkoZWjr0j1nIDPTqUVNSSisjHcXEha6_e-9_1YjbmsetyrLOEV1Vb26_G6E_JRygPjAcp81z2VdJtKHok9a9TBHed1O9-8gY817DcDRsgRkQGqtbzg5a0IUSYENIyQKDQWX-uTb1GNndkQAjQNvOrHq8wUWkDjT:1tHhSW:87R2DxM00aNMYvR3HrRsaKpYShIVuwAHuQYKAt_lV0s	2024-12-15 13:45:48.570497+03
\.


--
-- Data for Name: genre; Type: TABLE DATA; Schema: public; Owner: LibraryAdmin
--

COPY public.genre (id, genre) FROM stdin;
1	Антиутопия
2	Роман
3	Повесть-феерия
4	Повесть
5	Философская сказка
6	Приключения
7	Рассказ
\.


--
-- Data for Name: issuance; Type: TABLE DATA; Schema: public; Owner: LibraryAdmin
--

COPY public.issuance (id, date_issue, return_date, book_instance_id, employee_id, reader_id) FROM stdin;
2	2024-11-24 17:34:22+03	\N	19	1	2
1	2024-11-11 14:29:25+03	2024-11-23 15:07:48+03	12	1	1
3	2024-10-09 13:33:54+03	2024-10-27 18:12:47+03	16	4	3
4	2024-11-25 15:25:37+03	\N	36	6	5
5	2024-11-16 18:17:35+03	\N	32	6	5
\.


--
-- Data for Name: news; Type: TABLE DATA; Schema: public; Owner: LibraryAdmin
--

COPY public.news (id, heading, news, date_of_publication) FROM stdin;
1	Создание нового веб-приложения для библиотеки	Мы рады сообщить о запуске нового веб-приложения нашей библиотеки! Этот проект стал важным шагом к улучшению обслуживания наших читателей и упрощению работы сотрудников.\r\n\r\nНа главной странице нашего сайта вы найдете свежие новости и анонсы предстоящих мероприятий, что поможет вам быть в курсе всех событий библиотеки. Во вкладке «Книжный каталог» представлена полная информация обо всех имеющихся в библиотеке книгах, а также возможность забронировать интересующий экземпляр.\r\n\r\nВажно отметить, что выдача книг оформляется сотрудником непосредственно в библиотеке, чтобы обеспечить высокий уровень обслуживания и предоставить вам актуальную информацию по доступности изданий. Во вкладках «Выдача» и «Бронирование» вы сможете увидеть информацию обо всех активных выдачах и бронированиях, а также ознакомиться с историей всех ранее выданных и забронированных книг.\r\n\r\nКроме того, во вкладке «Профиль» вы сможете просмотреть свои личные данные и изменить их при необходимости, что сделает взаимодействие с библиотекой еще более удобным.\r\n\r\nМы уверены, что новый веб-сайт значительно упростит доступ к библиотечным ресурсам как для читателей, так и для сотрудников. Следите за обновлениями на нашем сайте и не забывайте заглядывать к нам!	2024-07-17
\.


--
-- Data for Name: publisher; Type: TABLE DATA; Schema: public; Owner: LibraryAdmin
--

COPY public.publisher (id, publisher) FROM stdin;
1	АСТ
2	Эксмо
3	Феникс
4	Перо
5	Вече
6	Росмэн
7	Альпина Паблишер
\.


--
-- Data for Name: user; Type: TABLE DATA; Schema: public; Owner: LibraryAdmin
--

COPY public."user" (id, password, last_login, is_superuser, username, first_name, last_name, email, is_staff, is_active, date_joined, date_of_birth, phone) FROM stdin;
4	pbkdf2_sha256$600000$vq4PwbRsQi6ZO3R83ZIB76$olvkezeYQ+Jl1Lo3FMUXiE4bHZfmSPiwepEZAtIAff8=	2024-11-24 19:17:34.18148+03	f	maria_simonova	Мария	Симонова	mashunya@mail.ru	t	t	2024-11-20 17:13:55+03	1986-07-23	+79631450289
2	pbkdf2_sha256$600000$ATQKVrJgawtnkTXKFE9APr$FnQIII7L19ZbXVSqrg60e+bnjeeeqsoVf54pyx+Tclw=	2024-11-30 14:14:53.197206+03	f	victoria_parshina	Виктория	Паршина	victoria_parshina@yandex.ru	f	t	2024-11-20 14:19:51+03	2000-11-04	+79634587029
1	pbkdf2_sha256$600000$4KVwf6shbX5eN37I4PteYJ$3Pb9cS7qOE8Oqm0uhcii3ghfq+PwjGWe897Y+/hHM1I=	2024-11-30 14:18:44.237693+03	t	nika_admin	Вероника	Морозова	nika@yandex.ru	t	t	2024-11-20 10:38:45+03	2002-11-22	+79563028814
3	pbkdf2_sha256$600000$qkOwpEJ0QlDB2L5thVx1VL$4l1LjSSXlRriMj7s/XgQzma+OrITWNEhE+OiD3i13sY=	2024-11-30 14:21:02.977903+03	f	maks_morosov	Максим	Морозов	morosov@gmail.com	f	t	2024-11-20 15:15:20.160257+03	1999-09-12	79841026983
6	pbkdf2_sha256$600000$176056BLN1nEkeDxCD7FEc$pVI9CuGIQYiAfYHQEk60th9jCxr7U0hm+Aaev43hnn0=	2024-12-01 13:45:48.561244+03	f	angelisha	Ангелина	Валерьева	angelisha@gmail.com	t	t	2024-11-25 15:21:56+03	1997-10-06	79631247089
5	pbkdf2_sha256$600000$KEjP5wxKkZL9PV3hzs95Ip$GHlqpeELr0PONF19zD6fmd6DBDJeUwmoLMs7ypt8Pjk=	2024-11-25 15:27:25.677086+03	f	ilya_sokolov	Илья	Соколов	sokolov_ilya@yandex.ru	f	t	2024-11-25 15:18:23.015248+03	2003-06-18	79630581255
\.


--
-- Data for Name: user_groups; Type: TABLE DATA; Schema: public; Owner: LibraryAdmin
--

COPY public.user_groups (id, user_id, group_id) FROM stdin;
1	4	1
2	6	1
3	1	2
4	2	1
\.


--
-- Data for Name: user_user_permissions; Type: TABLE DATA; Schema: public; Owner: LibraryAdmin
--

COPY public.user_user_permissions (id, user_id, permission_id) FROM stdin;
\.


--
-- Name: auth_group_id_seq; Type: SEQUENCE SET; Schema: public; Owner: LibraryAdmin
--

SELECT pg_catalog.setval('public.auth_group_id_seq', 2, true);


--
-- Name: auth_group_permissions_id_seq; Type: SEQUENCE SET; Schema: public; Owner: LibraryAdmin
--

SELECT pg_catalog.setval('public.auth_group_permissions_id_seq', 98, true);


--
-- Name: auth_permission_id_seq; Type: SEQUENCE SET; Schema: public; Owner: LibraryAdmin
--

SELECT pg_catalog.setval('public.auth_permission_id_seq', 60, true);


--
-- Name: author_id_seq; Type: SEQUENCE SET; Schema: public; Owner: LibraryAdmin
--

SELECT pg_catalog.setval('public.author_id_seq', 11, true);


--
-- Name: book_catalog_id_seq; Type: SEQUENCE SET; Schema: public; Owner: LibraryAdmin
--

SELECT pg_catalog.setval('public.book_catalog_id_seq', 15, true);


--
-- Name: book_instance_id_seq; Type: SEQUENCE SET; Schema: public; Owner: LibraryAdmin
--

SELECT pg_catalog.setval('public.book_instance_id_seq', 40, true);


--
-- Name: book_instance_status_id_seq; Type: SEQUENCE SET; Schema: public; Owner: LibraryAdmin
--

SELECT pg_catalog.setval('public.book_instance_status_id_seq', 4, true);


--
-- Name: booking_id_seq; Type: SEQUENCE SET; Schema: public; Owner: LibraryAdmin
--

SELECT pg_catalog.setval('public.booking_id_seq', 12, true);


--
-- Name: django_admin_log_id_seq; Type: SEQUENCE SET; Schema: public; Owner: LibraryAdmin
--

SELECT pg_catalog.setval('public.django_admin_log_id_seq', 85, true);


--
-- Name: django_content_type_id_seq; Type: SEQUENCE SET; Schema: public; Owner: LibraryAdmin
--

SELECT pg_catalog.setval('public.django_content_type_id_seq', 15, true);


--
-- Name: django_migrations_id_seq; Type: SEQUENCE SET; Schema: public; Owner: LibraryAdmin
--

SELECT pg_catalog.setval('public.django_migrations_id_seq', 30, true);


--
-- Name: genre_id_seq; Type: SEQUENCE SET; Schema: public; Owner: LibraryAdmin
--

SELECT pg_catalog.setval('public.genre_id_seq', 7, true);


--
-- Name: issuance_id_seq; Type: SEQUENCE SET; Schema: public; Owner: LibraryAdmin
--

SELECT pg_catalog.setval('public.issuance_id_seq', 5, true);


--
-- Name: news_id_seq; Type: SEQUENCE SET; Schema: public; Owner: LibraryAdmin
--

SELECT pg_catalog.setval('public.news_id_seq', 1, true);


--
-- Name: publisher_id_seq; Type: SEQUENCE SET; Schema: public; Owner: LibraryAdmin
--

SELECT pg_catalog.setval('public.publisher_id_seq', 7, true);


--
-- Name: user_groups_id_seq; Type: SEQUENCE SET; Schema: public; Owner: LibraryAdmin
--

SELECT pg_catalog.setval('public.user_groups_id_seq', 4, true);


--
-- Name: user_id_seq; Type: SEQUENCE SET; Schema: public; Owner: LibraryAdmin
--

SELECT pg_catalog.setval('public.user_id_seq', 6, true);


--
-- Name: user_user_permissions_id_seq; Type: SEQUENCE SET; Schema: public; Owner: LibraryAdmin
--

SELECT pg_catalog.setval('public.user_user_permissions_id_seq', 1, false);


--
-- Name: auth_group auth_group_name_key; Type: CONSTRAINT; Schema: public; Owner: LibraryAdmin
--

ALTER TABLE ONLY public.auth_group
    ADD CONSTRAINT auth_group_name_key UNIQUE (name);


--
-- Name: auth_group_permissions auth_group_permissions_group_id_permission_id_0cd325b0_uniq; Type: CONSTRAINT; Schema: public; Owner: LibraryAdmin
--

ALTER TABLE ONLY public.auth_group_permissions
    ADD CONSTRAINT auth_group_permissions_group_id_permission_id_0cd325b0_uniq UNIQUE (group_id, permission_id);


--
-- Name: auth_group_permissions auth_group_permissions_pkey; Type: CONSTRAINT; Schema: public; Owner: LibraryAdmin
--

ALTER TABLE ONLY public.auth_group_permissions
    ADD CONSTRAINT auth_group_permissions_pkey PRIMARY KEY (id);


--
-- Name: auth_group auth_group_pkey; Type: CONSTRAINT; Schema: public; Owner: LibraryAdmin
--

ALTER TABLE ONLY public.auth_group
    ADD CONSTRAINT auth_group_pkey PRIMARY KEY (id);


--
-- Name: auth_permission auth_permission_content_type_id_codename_01ab375a_uniq; Type: CONSTRAINT; Schema: public; Owner: LibraryAdmin
--

ALTER TABLE ONLY public.auth_permission
    ADD CONSTRAINT auth_permission_content_type_id_codename_01ab375a_uniq UNIQUE (content_type_id, codename);


--
-- Name: auth_permission auth_permission_pkey; Type: CONSTRAINT; Schema: public; Owner: LibraryAdmin
--

ALTER TABLE ONLY public.auth_permission
    ADD CONSTRAINT auth_permission_pkey PRIMARY KEY (id);


--
-- Name: author author_pkey; Type: CONSTRAINT; Schema: public; Owner: LibraryAdmin
--

ALTER TABLE ONLY public.author
    ADD CONSTRAINT author_pkey PRIMARY KEY (id);


--
-- Name: book_catalog book_catalog_pkey; Type: CONSTRAINT; Schema: public; Owner: LibraryAdmin
--

ALTER TABLE ONLY public.book_catalog
    ADD CONSTRAINT book_catalog_pkey PRIMARY KEY (id);


--
-- Name: book_catalog book_catalog_slug_key; Type: CONSTRAINT; Schema: public; Owner: LibraryAdmin
--

ALTER TABLE ONLY public.book_catalog
    ADD CONSTRAINT book_catalog_slug_key UNIQUE (slug);


--
-- Name: book_catalog book_catalog_title_key; Type: CONSTRAINT; Schema: public; Owner: LibraryAdmin
--

ALTER TABLE ONLY public.book_catalog
    ADD CONSTRAINT book_catalog_title_key UNIQUE (title);


--
-- Name: book_instance book_instance_pkey; Type: CONSTRAINT; Schema: public; Owner: LibraryAdmin
--

ALTER TABLE ONLY public.book_instance
    ADD CONSTRAINT book_instance_pkey PRIMARY KEY (id);


--
-- Name: book_instance book_instance_slug_key; Type: CONSTRAINT; Schema: public; Owner: LibraryAdmin
--

ALTER TABLE ONLY public.book_instance
    ADD CONSTRAINT book_instance_slug_key UNIQUE (slug);


--
-- Name: book_instance_status book_instance_status_pkey; Type: CONSTRAINT; Schema: public; Owner: LibraryAdmin
--

ALTER TABLE ONLY public.book_instance_status
    ADD CONSTRAINT book_instance_status_pkey PRIMARY KEY (id);


--
-- Name: book_instance_status book_instance_status_status_key; Type: CONSTRAINT; Schema: public; Owner: LibraryAdmin
--

ALTER TABLE ONLY public.book_instance_status
    ADD CONSTRAINT book_instance_status_status_key UNIQUE (status);


--
-- Name: booking booking_pkey; Type: CONSTRAINT; Schema: public; Owner: LibraryAdmin
--

ALTER TABLE ONLY public.booking
    ADD CONSTRAINT booking_pkey PRIMARY KEY (id);


--
-- Name: django_admin_log django_admin_log_pkey; Type: CONSTRAINT; Schema: public; Owner: LibraryAdmin
--

ALTER TABLE ONLY public.django_admin_log
    ADD CONSTRAINT django_admin_log_pkey PRIMARY KEY (id);


--
-- Name: django_content_type django_content_type_app_label_model_76bd3d3b_uniq; Type: CONSTRAINT; Schema: public; Owner: LibraryAdmin
--

ALTER TABLE ONLY public.django_content_type
    ADD CONSTRAINT django_content_type_app_label_model_76bd3d3b_uniq UNIQUE (app_label, model);


--
-- Name: django_content_type django_content_type_pkey; Type: CONSTRAINT; Schema: public; Owner: LibraryAdmin
--

ALTER TABLE ONLY public.django_content_type
    ADD CONSTRAINT django_content_type_pkey PRIMARY KEY (id);


--
-- Name: django_migrations django_migrations_pkey; Type: CONSTRAINT; Schema: public; Owner: LibraryAdmin
--

ALTER TABLE ONLY public.django_migrations
    ADD CONSTRAINT django_migrations_pkey PRIMARY KEY (id);


--
-- Name: django_session django_session_pkey; Type: CONSTRAINT; Schema: public; Owner: LibraryAdmin
--

ALTER TABLE ONLY public.django_session
    ADD CONSTRAINT django_session_pkey PRIMARY KEY (session_key);


--
-- Name: genre genre_genre_key; Type: CONSTRAINT; Schema: public; Owner: LibraryAdmin
--

ALTER TABLE ONLY public.genre
    ADD CONSTRAINT genre_genre_key UNIQUE (genre);


--
-- Name: genre genre_pkey; Type: CONSTRAINT; Schema: public; Owner: LibraryAdmin
--

ALTER TABLE ONLY public.genre
    ADD CONSTRAINT genre_pkey PRIMARY KEY (id);


--
-- Name: issuance issuance_pkey; Type: CONSTRAINT; Schema: public; Owner: LibraryAdmin
--

ALTER TABLE ONLY public.issuance
    ADD CONSTRAINT issuance_pkey PRIMARY KEY (id);


--
-- Name: news news_pkey; Type: CONSTRAINT; Schema: public; Owner: LibraryAdmin
--

ALTER TABLE ONLY public.news
    ADD CONSTRAINT news_pkey PRIMARY KEY (id);


--
-- Name: publisher publisher_pkey; Type: CONSTRAINT; Schema: public; Owner: LibraryAdmin
--

ALTER TABLE ONLY public.publisher
    ADD CONSTRAINT publisher_pkey PRIMARY KEY (id);


--
-- Name: publisher publisher_publisher_key; Type: CONSTRAINT; Schema: public; Owner: LibraryAdmin
--

ALTER TABLE ONLY public.publisher
    ADD CONSTRAINT publisher_publisher_key UNIQUE (publisher);


--
-- Name: user_groups user_groups_pkey; Type: CONSTRAINT; Schema: public; Owner: LibraryAdmin
--

ALTER TABLE ONLY public.user_groups
    ADD CONSTRAINT user_groups_pkey PRIMARY KEY (id);


--
-- Name: user_groups user_groups_user_id_group_id_40beef00_uniq; Type: CONSTRAINT; Schema: public; Owner: LibraryAdmin
--

ALTER TABLE ONLY public.user_groups
    ADD CONSTRAINT user_groups_user_id_group_id_40beef00_uniq UNIQUE (user_id, group_id);


--
-- Name: user user_phone_key; Type: CONSTRAINT; Schema: public; Owner: LibraryAdmin
--

ALTER TABLE ONLY public."user"
    ADD CONSTRAINT user_phone_key UNIQUE (phone);


--
-- Name: user user_pkey; Type: CONSTRAINT; Schema: public; Owner: LibraryAdmin
--

ALTER TABLE ONLY public."user"
    ADD CONSTRAINT user_pkey PRIMARY KEY (id);


--
-- Name: user_user_permissions user_user_permissions_pkey; Type: CONSTRAINT; Schema: public; Owner: LibraryAdmin
--

ALTER TABLE ONLY public.user_user_permissions
    ADD CONSTRAINT user_user_permissions_pkey PRIMARY KEY (id);


--
-- Name: user_user_permissions user_user_permissions_user_id_permission_id_7dc6e2e0_uniq; Type: CONSTRAINT; Schema: public; Owner: LibraryAdmin
--

ALTER TABLE ONLY public.user_user_permissions
    ADD CONSTRAINT user_user_permissions_user_id_permission_id_7dc6e2e0_uniq UNIQUE (user_id, permission_id);


--
-- Name: user user_username_key; Type: CONSTRAINT; Schema: public; Owner: LibraryAdmin
--

ALTER TABLE ONLY public."user"
    ADD CONSTRAINT user_username_key UNIQUE (username);


--
-- Name: auth_group_name_a6ea08ec_like; Type: INDEX; Schema: public; Owner: LibraryAdmin
--

CREATE INDEX auth_group_name_a6ea08ec_like ON public.auth_group USING btree (name varchar_pattern_ops);


--
-- Name: auth_group_permissions_group_id_b120cbf9; Type: INDEX; Schema: public; Owner: LibraryAdmin
--

CREATE INDEX auth_group_permissions_group_id_b120cbf9 ON public.auth_group_permissions USING btree (group_id);


--
-- Name: auth_group_permissions_permission_id_84c5c92e; Type: INDEX; Schema: public; Owner: LibraryAdmin
--

CREATE INDEX auth_group_permissions_permission_id_84c5c92e ON public.auth_group_permissions USING btree (permission_id);


--
-- Name: auth_permission_content_type_id_2f476e4b; Type: INDEX; Schema: public; Owner: LibraryAdmin
--

CREATE INDEX auth_permission_content_type_id_2f476e4b ON public.auth_permission USING btree (content_type_id);


--
-- Name: book_catalog_author_id_dd74274f; Type: INDEX; Schema: public; Owner: LibraryAdmin
--

CREATE INDEX book_catalog_author_id_dd74274f ON public.book_catalog USING btree (author_id);


--
-- Name: book_catalog_genre_id_631d8e05; Type: INDEX; Schema: public; Owner: LibraryAdmin
--

CREATE INDEX book_catalog_genre_id_631d8e05 ON public.book_catalog USING btree (genre_id);


--
-- Name: book_catalog_slug_efbc4844_like; Type: INDEX; Schema: public; Owner: LibraryAdmin
--

CREATE INDEX book_catalog_slug_efbc4844_like ON public.book_catalog USING btree (slug varchar_pattern_ops);


--
-- Name: book_catalog_title_c2828749_like; Type: INDEX; Schema: public; Owner: LibraryAdmin
--

CREATE INDEX book_catalog_title_c2828749_like ON public.book_catalog USING btree (title varchar_pattern_ops);


--
-- Name: book_instance_book_id_061ebe46; Type: INDEX; Schema: public; Owner: LibraryAdmin
--

CREATE INDEX book_instance_book_id_061ebe46 ON public.book_instance USING btree (book_id);


--
-- Name: book_instance_publisher_id_a8d6922c; Type: INDEX; Schema: public; Owner: LibraryAdmin
--

CREATE INDEX book_instance_publisher_id_a8d6922c ON public.book_instance USING btree (publisher_id);


--
-- Name: book_instance_slug_070d4841_like; Type: INDEX; Schema: public; Owner: LibraryAdmin
--

CREATE INDEX book_instance_slug_070d4841_like ON public.book_instance USING btree (slug varchar_pattern_ops);


--
-- Name: book_instance_status_id_ef933be0; Type: INDEX; Schema: public; Owner: LibraryAdmin
--

CREATE INDEX book_instance_status_id_ef933be0 ON public.book_instance USING btree (status_id);


--
-- Name: book_instance_status_status_396d7981_like; Type: INDEX; Schema: public; Owner: LibraryAdmin
--

CREATE INDEX book_instance_status_status_396d7981_like ON public.book_instance_status USING btree (status varchar_pattern_ops);


--
-- Name: booking_book_instance_id_921210af; Type: INDEX; Schema: public; Owner: LibraryAdmin
--

CREATE INDEX booking_book_instance_id_921210af ON public.booking USING btree (book_instance_id);


--
-- Name: booking_reader_id_334bb345; Type: INDEX; Schema: public; Owner: LibraryAdmin
--

CREATE INDEX booking_reader_id_334bb345 ON public.booking USING btree (reader_id);


--
-- Name: django_admin_log_content_type_id_c4bce8eb; Type: INDEX; Schema: public; Owner: LibraryAdmin
--

CREATE INDEX django_admin_log_content_type_id_c4bce8eb ON public.django_admin_log USING btree (content_type_id);


--
-- Name: django_admin_log_user_id_c564eba6; Type: INDEX; Schema: public; Owner: LibraryAdmin
--

CREATE INDEX django_admin_log_user_id_c564eba6 ON public.django_admin_log USING btree (user_id);


--
-- Name: django_session_expire_date_a5c62663; Type: INDEX; Schema: public; Owner: LibraryAdmin
--

CREATE INDEX django_session_expire_date_a5c62663 ON public.django_session USING btree (expire_date);


--
-- Name: django_session_session_key_c0390e0f_like; Type: INDEX; Schema: public; Owner: LibraryAdmin
--

CREATE INDEX django_session_session_key_c0390e0f_like ON public.django_session USING btree (session_key varchar_pattern_ops);


--
-- Name: genre_genre_de76fbcc_like; Type: INDEX; Schema: public; Owner: LibraryAdmin
--

CREATE INDEX genre_genre_de76fbcc_like ON public.genre USING btree (genre varchar_pattern_ops);


--
-- Name: issuance_book_instance_id_4e6a9d22; Type: INDEX; Schema: public; Owner: LibraryAdmin
--

CREATE INDEX issuance_book_instance_id_4e6a9d22 ON public.issuance USING btree (book_instance_id);


--
-- Name: issuance_employee_id_3e79f5d2; Type: INDEX; Schema: public; Owner: LibraryAdmin
--

CREATE INDEX issuance_employee_id_3e79f5d2 ON public.issuance USING btree (employee_id);


--
-- Name: issuance_reader_id_3a0763ab; Type: INDEX; Schema: public; Owner: LibraryAdmin
--

CREATE INDEX issuance_reader_id_3a0763ab ON public.issuance USING btree (reader_id);


--
-- Name: publisher_publisher_7277d205_like; Type: INDEX; Schema: public; Owner: LibraryAdmin
--

CREATE INDEX publisher_publisher_7277d205_like ON public.publisher USING btree (publisher varchar_pattern_ops);


--
-- Name: user_groups_group_id_b76f8aba; Type: INDEX; Schema: public; Owner: LibraryAdmin
--

CREATE INDEX user_groups_group_id_b76f8aba ON public.user_groups USING btree (group_id);


--
-- Name: user_groups_user_id_abaea130; Type: INDEX; Schema: public; Owner: LibraryAdmin
--

CREATE INDEX user_groups_user_id_abaea130 ON public.user_groups USING btree (user_id);


--
-- Name: user_phone_fcd7f7da_like; Type: INDEX; Schema: public; Owner: LibraryAdmin
--

CREATE INDEX user_phone_fcd7f7da_like ON public."user" USING btree (phone varchar_pattern_ops);


--
-- Name: user_user_permissions_permission_id_9deb68a3; Type: INDEX; Schema: public; Owner: LibraryAdmin
--

CREATE INDEX user_user_permissions_permission_id_9deb68a3 ON public.user_user_permissions USING btree (permission_id);


--
-- Name: user_user_permissions_user_id_ed4a47ea; Type: INDEX; Schema: public; Owner: LibraryAdmin
--

CREATE INDEX user_user_permissions_user_id_ed4a47ea ON public.user_user_permissions USING btree (user_id);


--
-- Name: user_username_cf016618_like; Type: INDEX; Schema: public; Owner: LibraryAdmin
--

CREATE INDEX user_username_cf016618_like ON public."user" USING btree (username varchar_pattern_ops);


--
-- Name: auth_group_permissions auth_group_permissio_permission_id_84c5c92e_fk_auth_perm; Type: FK CONSTRAINT; Schema: public; Owner: LibraryAdmin
--

ALTER TABLE ONLY public.auth_group_permissions
    ADD CONSTRAINT auth_group_permissio_permission_id_84c5c92e_fk_auth_perm FOREIGN KEY (permission_id) REFERENCES public.auth_permission(id) DEFERRABLE INITIALLY DEFERRED;


--
-- Name: auth_group_permissions auth_group_permissions_group_id_b120cbf9_fk_auth_group_id; Type: FK CONSTRAINT; Schema: public; Owner: LibraryAdmin
--

ALTER TABLE ONLY public.auth_group_permissions
    ADD CONSTRAINT auth_group_permissions_group_id_b120cbf9_fk_auth_group_id FOREIGN KEY (group_id) REFERENCES public.auth_group(id) DEFERRABLE INITIALLY DEFERRED;


--
-- Name: auth_permission auth_permission_content_type_id_2f476e4b_fk_django_co; Type: FK CONSTRAINT; Schema: public; Owner: LibraryAdmin
--

ALTER TABLE ONLY public.auth_permission
    ADD CONSTRAINT auth_permission_content_type_id_2f476e4b_fk_django_co FOREIGN KEY (content_type_id) REFERENCES public.django_content_type(id) DEFERRABLE INITIALLY DEFERRED;


--
-- Name: book_catalog book_catalog_author_id_dd74274f_fk_author_id; Type: FK CONSTRAINT; Schema: public; Owner: LibraryAdmin
--

ALTER TABLE ONLY public.book_catalog
    ADD CONSTRAINT book_catalog_author_id_dd74274f_fk_author_id FOREIGN KEY (author_id) REFERENCES public.author(id) DEFERRABLE INITIALLY DEFERRED;


--
-- Name: book_catalog book_catalog_genre_id_631d8e05_fk_genre_id; Type: FK CONSTRAINT; Schema: public; Owner: LibraryAdmin
--

ALTER TABLE ONLY public.book_catalog
    ADD CONSTRAINT book_catalog_genre_id_631d8e05_fk_genre_id FOREIGN KEY (genre_id) REFERENCES public.genre(id) DEFERRABLE INITIALLY DEFERRED;


--
-- Name: book_instance book_instance_book_id_061ebe46_fk_book_catalog_id; Type: FK CONSTRAINT; Schema: public; Owner: LibraryAdmin
--

ALTER TABLE ONLY public.book_instance
    ADD CONSTRAINT book_instance_book_id_061ebe46_fk_book_catalog_id FOREIGN KEY (book_id) REFERENCES public.book_catalog(id) DEFERRABLE INITIALLY DEFERRED;


--
-- Name: book_instance book_instance_publisher_id_a8d6922c_fk_publisher_id; Type: FK CONSTRAINT; Schema: public; Owner: LibraryAdmin
--

ALTER TABLE ONLY public.book_instance
    ADD CONSTRAINT book_instance_publisher_id_a8d6922c_fk_publisher_id FOREIGN KEY (publisher_id) REFERENCES public.publisher(id) DEFERRABLE INITIALLY DEFERRED;


--
-- Name: book_instance book_instance_status_id_ef933be0_fk_book_instance_status_id; Type: FK CONSTRAINT; Schema: public; Owner: LibraryAdmin
--

ALTER TABLE ONLY public.book_instance
    ADD CONSTRAINT book_instance_status_id_ef933be0_fk_book_instance_status_id FOREIGN KEY (status_id) REFERENCES public.book_instance_status(id) DEFERRABLE INITIALLY DEFERRED;


--
-- Name: booking booking_book_instance_id_921210af_fk_book_instance_id; Type: FK CONSTRAINT; Schema: public; Owner: LibraryAdmin
--

ALTER TABLE ONLY public.booking
    ADD CONSTRAINT booking_book_instance_id_921210af_fk_book_instance_id FOREIGN KEY (book_instance_id) REFERENCES public.book_instance(id) DEFERRABLE INITIALLY DEFERRED;


--
-- Name: booking booking_reader_id_334bb345_fk_user_id; Type: FK CONSTRAINT; Schema: public; Owner: LibraryAdmin
--

ALTER TABLE ONLY public.booking
    ADD CONSTRAINT booking_reader_id_334bb345_fk_user_id FOREIGN KEY (reader_id) REFERENCES public."user"(id) DEFERRABLE INITIALLY DEFERRED;


--
-- Name: django_admin_log django_admin_log_content_type_id_c4bce8eb_fk_django_co; Type: FK CONSTRAINT; Schema: public; Owner: LibraryAdmin
--

ALTER TABLE ONLY public.django_admin_log
    ADD CONSTRAINT django_admin_log_content_type_id_c4bce8eb_fk_django_co FOREIGN KEY (content_type_id) REFERENCES public.django_content_type(id) DEFERRABLE INITIALLY DEFERRED;


--
-- Name: django_admin_log django_admin_log_user_id_c564eba6_fk_user_id; Type: FK CONSTRAINT; Schema: public; Owner: LibraryAdmin
--

ALTER TABLE ONLY public.django_admin_log
    ADD CONSTRAINT django_admin_log_user_id_c564eba6_fk_user_id FOREIGN KEY (user_id) REFERENCES public."user"(id) DEFERRABLE INITIALLY DEFERRED;


--
-- Name: issuance issuance_book_instance_id_4e6a9d22_fk_book_instance_id; Type: FK CONSTRAINT; Schema: public; Owner: LibraryAdmin
--

ALTER TABLE ONLY public.issuance
    ADD CONSTRAINT issuance_book_instance_id_4e6a9d22_fk_book_instance_id FOREIGN KEY (book_instance_id) REFERENCES public.book_instance(id) DEFERRABLE INITIALLY DEFERRED;


--
-- Name: issuance issuance_employee_id_3e79f5d2_fk_user_id; Type: FK CONSTRAINT; Schema: public; Owner: LibraryAdmin
--

ALTER TABLE ONLY public.issuance
    ADD CONSTRAINT issuance_employee_id_3e79f5d2_fk_user_id FOREIGN KEY (employee_id) REFERENCES public."user"(id) DEFERRABLE INITIALLY DEFERRED;


--
-- Name: issuance issuance_reader_id_3a0763ab_fk_user_id; Type: FK CONSTRAINT; Schema: public; Owner: LibraryAdmin
--

ALTER TABLE ONLY public.issuance
    ADD CONSTRAINT issuance_reader_id_3a0763ab_fk_user_id FOREIGN KEY (reader_id) REFERENCES public."user"(id) DEFERRABLE INITIALLY DEFERRED;


--
-- Name: user_groups user_groups_group_id_b76f8aba_fk_auth_group_id; Type: FK CONSTRAINT; Schema: public; Owner: LibraryAdmin
--

ALTER TABLE ONLY public.user_groups
    ADD CONSTRAINT user_groups_group_id_b76f8aba_fk_auth_group_id FOREIGN KEY (group_id) REFERENCES public.auth_group(id) DEFERRABLE INITIALLY DEFERRED;


--
-- Name: user_groups user_groups_user_id_abaea130_fk_user_id; Type: FK CONSTRAINT; Schema: public; Owner: LibraryAdmin
--

ALTER TABLE ONLY public.user_groups
    ADD CONSTRAINT user_groups_user_id_abaea130_fk_user_id FOREIGN KEY (user_id) REFERENCES public."user"(id) DEFERRABLE INITIALLY DEFERRED;


--
-- Name: user_user_permissions user_user_permission_permission_id_9deb68a3_fk_auth_perm; Type: FK CONSTRAINT; Schema: public; Owner: LibraryAdmin
--

ALTER TABLE ONLY public.user_user_permissions
    ADD CONSTRAINT user_user_permission_permission_id_9deb68a3_fk_auth_perm FOREIGN KEY (permission_id) REFERENCES public.auth_permission(id) DEFERRABLE INITIALLY DEFERRED;


--
-- Name: user_user_permissions user_user_permissions_user_id_ed4a47ea_fk_user_id; Type: FK CONSTRAINT; Schema: public; Owner: LibraryAdmin
--

ALTER TABLE ONLY public.user_user_permissions
    ADD CONSTRAINT user_user_permissions_user_id_ed4a47ea_fk_user_id FOREIGN KEY (user_id) REFERENCES public."user"(id) DEFERRABLE INITIALLY DEFERRED;


--
-- PostgreSQL database dump complete
--

--
-- Database "postgres" dump
--

\connect postgres

--
-- PostgreSQL database dump
--

-- Dumped from database version 17.0
-- Dumped by pg_dump version 17.0

SET statement_timeout = 0;
SET lock_timeout = 0;
SET idle_in_transaction_session_timeout = 0;
SET transaction_timeout = 0;
SET client_encoding = 'UTF8';
SET standard_conforming_strings = on;
SELECT pg_catalog.set_config('search_path', '', false);
SET check_function_bodies = false;
SET xmloption = content;
SET client_min_messages = warning;
SET row_security = off;

--
-- PostgreSQL database dump complete
--

--
-- PostgreSQL database cluster dump complete
--

